left,right,distance,size
6.900000000000000000e+01,1.430000000000000000e+02,1.462309999999999999e+00,2.000000000000000000e+00
8.200000000000000000e+01,1.520000000000000000e+02,2.429859000000000435e+00,3.000000000000000000e+00
8.600000000000000000e+01,1.440000000000000000e+02,2.577728000000000019e+00,2.000000000000000000e+00
1.320000000000000000e+02,1.330000000000000000e+02,2.689778000000000002e+00,2.000000000000000000e+00
9.200000000000000000e+01,1.540000000000000000e+02,2.971762000000000015e+00,3.000000000000000000e+00
7.900000000000000000e+01,8.900000000000000000e+01,3.209559000000000051e+00,2.000000000000000000e+00
1.070000000000000000e+02,1.100000000000000000e+02,3.581463999999999981e+00,2.000000000000000000e+00
8.000000000000000000e+01,1.530000000000000000e+02,3.743532000000000082e+00,4.000000000000000000e+00
5.600000000000000000e+01,8.500000000000000000e+01,4.163907000000000025e+00,2.000000000000000000e+00
9.600000000000000000e+01,9.700000000000000000e+01,4.249159999999999826e+00,2.000000000000000000e+00
7.100000000000000000e+01,1.030000000000000000e+02,4.254360000000000142e+00,2.000000000000000000e+00
6.700000000000000000e+01,7.000000000000000000e+01,4.306384000000000434e+00,2.000000000000000000e+00
7.800000000000000000e+01,1.000000000000000000e+02,4.337193000000000076e+00,2.000000000000000000e+00
6.800000000000000000e+01,1.060000000000000000e+02,4.356138999999999761e+00,2.000000000000000000e+00
6.000000000000000000e+01,1.560000000000000000e+02,4.498109333333332849e+00,4.000000000000000000e+00
6.200000000000000000e+01,7.500000000000000000e+01,4.736583999999999683e+00,2.000000000000000000e+00
1.290000000000000000e+02,1.650000000000000000e+02,4.831808500000000173e+00,3.000000000000000000e+00
1.300000000000000000e+02,1.380000000000000000e+02,4.841471000000000302e+00,2.000000000000000000e+00
9.100000000000000000e+01,9.500000000000000000e+01,4.866464999999999819e+00,2.000000000000000000e+00
8.300000000000000000e+01,1.600000000000000000e+02,4.936538000000000537e+00,3.000000000000000000e+00
1.640000000000000000e+02,1.670000000000000000e+02,4.996814249999999902e+00,4.000000000000000000e+00
1.240000000000000000e+02,1.350000000000000000e+02,5.028089999999999726e+00,2.000000000000000000e+00
1.580000000000000000e+02,1.710000000000000000e+02,5.149868666666666428e+00,5.000000000000000000e+00
1.080000000000000000e+02,1.690000000000000000e+02,5.150250999999999912e+00,3.000000000000000000e+00
8.100000000000000000e+01,1.660000000000000000e+02,5.233860749999999840e+00,5.000000000000000000e+00
7.200000000000000000e+01,1.720000000000000000e+02,5.367298250000000159e+00,5.000000000000000000e+00
7.700000000000000000e+01,1.570000000000000000e+02,5.463876499999999581e+00,3.000000000000000000e+00
5.800000000000000000e+01,1.740000000000000000e+02,5.488870600000000266e+00,6.000000000000000000e+00
1.130000000000000000e+02,1.750000000000000000e+02,5.521099999999999675e+00,4.000000000000000000e+00
6.600000000000000000e+01,1.680000000000000000e+02,5.677788666666667261e+00,4.000000000000000000e+00
1.700000000000000000e+02,1.790000000000000000e+02,5.779534749999999832e+00,8.000000000000000000e+00
1.770000000000000000e+02,1.810000000000000000e+02,5.881759699999999924e+00,9.000000000000000000e+00
5.300000000000000000e+01,5.900000000000000000e+01,6.125670999999999644e+00,2.000000000000000000e+00
1.760000000000000000e+02,1.820000000000000000e+02,6.280944625000000059e+00,1.300000000000000000e+01
1.620000000000000000e+02,1.630000000000000000e+02,6.469834500000000155e+00,4.000000000000000000e+00
4.100000000000000000e+01,4.200000000000000000e+01,6.622348999999999819e+00,2.000000000000000000e+00
6.500000000000000000e+01,1.550000000000000000e+02,6.714285499999999907e+00,3.000000000000000000e+00
1.850000000000000000e+02,1.860000000000000000e+02,6.818247384615384377e+00,1.700000000000000000e+01
9.300000000000000000e+01,1.250000000000000000e+02,6.843736999999999959e+00,2.000000000000000000e+00
1.730000000000000000e+02,1.830000000000000000e+02,6.999246722222221884e+00,1.100000000000000000e+01
5.200000000000000000e+01,5.700000000000000000e+01,7.264293000000000333e+00,2.000000000000000000e+00
1.840000000000000000e+02,1.920000000000000000e+02,7.470915500000000264e+00,4.000000000000000000e+00
1.900000000000000000e+02,1.910000000000000000e+02,7.534563909090909561e+00,1.300000000000000000e+01
3.500000000000000000e+01,1.110000000000000000e+02,7.636968000000000423e+00,2.000000000000000000e+00
4.300000000000000000e+01,4.700000000000000000e+01,7.799828999999999901e+00,2.000000000000000000e+00
1.190000000000000000e+02,1.230000000000000000e+02,7.955208999999999975e+00,2.000000000000000000e+00
1.880000000000000000e+02,1.890000000000000000e+02,7.981229784313724984e+00,2.000000000000000000e+01
1.390000000000000000e+02,1.780000000000000000e+02,8.047612666666667636e+00,4.000000000000000000e+00
1.260000000000000000e+02,1.400000000000000000e+02,8.083392999999999162e+00,2.000000000000000000e+00
3.300000000000000000e+01,6.300000000000000000e+01,8.217781999999999698e+00,2.000000000000000000e+00
1.220000000000000000e+02,1.970000000000000000e+02,8.264665000000000816e+00,3.000000000000000000e+00
1.940000000000000000e+02,1.980000000000000000e+02,8.342260684615384392e+00,3.300000000000000000e+01
1.180000000000000000e+02,1.590000000000000000e+02,8.472366250000000321e+00,5.000000000000000000e+00
1.950000000000000000e+02,2.010000000000000000e+02,8.506832750000000942e+00,4.000000000000000000e+00
1.120000000000000000e+02,1.990000000000000000e+02,8.647519999999998319e+00,5.000000000000000000e+00
1.610000000000000000e+02,1.870000000000000000e+02,8.664909749999999633e+00,4.000000000000000000e+00
1.800000000000000000e+02,2.060000000000000000e+02,8.717860849999999218e+00,9.000000000000000000e+00
1.160000000000000000e+02,2.000000000000000000e+02,8.796046000000000475e+00,3.000000000000000000e+00
5.100000000000000000e+01,1.960000000000000000e+02,8.862841500000000039e+00,3.000000000000000000e+00
9.800000000000000000e+01,1.410000000000000000e+02,8.863516999999999868e+00,2.000000000000000000e+00
2.030000000000000000e+02,2.040000000000000000e+02,8.935369551515153219e+00,3.800000000000000000e+01
3.400000000000000000e+01,3.700000000000000000e+01,8.977489000000000274e+00,2.000000000000000000e+00
2.070000000000000000e+02,2.120000000000000000e+02,9.130801243421052149e+00,4.200000000000000000e+01
4.500000000000000000e+01,2.080000000000000000e+02,9.142633111111111432e+00,1.000000000000000000e+01
2.020000000000000000e+02,2.050000000000000000e+02,9.160202000000001732e+00,7.000000000000000000e+00
3.800000000000000000e+01,2.130000000000000000e+02,9.394357499999999916e+00,3.000000000000000000e+00
1.930000000000000000e+02,2.160000000000000000e+02,9.463088035714287471e+00,1.100000000000000000e+01
5.400000000000000000e+01,2.140000000000000000e+02,9.828051261904763081e+00,4.300000000000000000e+01
3.600000000000000000e+01,1.090000000000000000e+02,9.873656999999999684e+00,2.000000000000000000e+00
2.090000000000000000e+02,2.180000000000000000e+02,9.954030606060605635e+00,1.400000000000000000e+01
2.100000000000000000e+02,2.170000000000000000e+02,1.002706411111111073e+01,6.000000000000000000e+00
2.150000000000000000e+02,2.190000000000000000e+02,1.006912235581395443e+01,5.300000000000000000e+01
2.110000000000000000e+02,2.220000000000000000e+02,1.035541141666666753e+01,8.000000000000000000e+00
2.210000000000000000e+02,2.230000000000000000e+02,1.045686619811320739e+01,6.700000000000000000e+01
5.000000000000000000e+01,8.700000000000000000e+01,1.054463499999999954e+01,2.000000000000000000e+00
2.240000000000000000e+02,2.250000000000000000e+02,1.076389999626865723e+01,7.500000000000000000e+01
4.000000000000000000e+01,2.200000000000000000e+02,1.087872450000000057e+01,3.000000000000000000e+00
1.150000000000000000e+02,1.420000000000000000e+02,1.089416399999999996e+01,2.000000000000000000e+00
4.800000000000000000e+01,1.040000000000000000e+02,1.109874499999999919e+01,2.000000000000000000e+00
1.360000000000000000e+02,2.270000000000000000e+02,1.109876374666666621e+01,7.600000000000000000e+01
1.210000000000000000e+02,2.310000000000000000e+02,1.148127606578947457e+01,7.700000000000000000e+01
1.140000000000000000e+02,1.310000000000000000e+02,1.167583300000000079e+01,2.000000000000000000e+00
2.260000000000000000e+02,2.290000000000000000e+02,1.184023775000000001e+01,4.000000000000000000e+00
2.280000000000000000e+02,2.320000000000000000e+02,1.201090941991341765e+01,8.000000000000000000e+01
9.900000000000000000e+01,1.270000000000000000e+02,1.220375600000000027e+01,2.000000000000000000e+00
2.330000000000000000e+02,2.350000000000000000e+02,1.233544468124999938e+01,8.200000000000000000e+01
3.900000000000000000e+01,4.600000000000000000e+01,1.259422200000000025e+01,2.000000000000000000e+00
2.340000000000000000e+02,2.370000000000000000e+02,1.261386222256097511e+01,8.600000000000000000e+01
2.300000000000000000e+02,2.390000000000000000e+02,1.269604831395349009e+01,8.800000000000000000e+01
1.050000000000000000e+02,2.400000000000000000e+02,1.311159443181818318e+01,8.900000000000000000e+01
7.400000000000000000e+01,1.170000000000000000e+02,1.319154600000000066e+01,2.000000000000000000e+00
3.100000000000000000e+01,2.410000000000000000e+02,1.319840806741572869e+01,9.000000000000000000e+01
2.360000000000000000e+02,2.430000000000000000e+02,1.384324525555555674e+01,9.200000000000000000e+01
9.400000000000000000e+01,2.440000000000000000e+02,1.437427031521739096e+01,9.300000000000000000e+01
1.370000000000000000e+02,2.380000000000000000e+02,1.549492550000000080e+01,3.000000000000000000e+00
2.420000000000000000e+02,2.450000000000000000e+02,1.616674124731182260e+01,9.500000000000000000e+01
4.400000000000000000e+01,1.200000000000000000e+02,1.718238699999999852e+01,2.000000000000000000e+00
2.900000000000000000e+01,3.000000000000000000e+01,1.802653799999999862e+01,2.000000000000000000e+00
6.400000000000000000e+01,2.470000000000000000e+02,1.848851432631578717e+01,9.600000000000000000e+01
2.300000000000000000e+01,2.480000000000000000e+02,1.909753200000000106e+01,3.000000000000000000e+00
3.200000000000000000e+01,2.500000000000000000e+02,1.935849052083333177e+01,9.700000000000000000e+01
1.300000000000000000e+01,1.280000000000000000e+02,2.358895800000000165e+01,2.000000000000000000e+00
2.200000000000000000e+01,8.800000000000000000e+01,2.409597899999999981e+01,2.000000000000000000e+00
2.460000000000000000e+02,2.520000000000000000e+02,2.553998362886597562e+01,1.000000000000000000e+02
1.020000000000000000e+02,2.510000000000000000e+02,2.809030233333333015e+01,4.000000000000000000e+00
9.000000000000000000e+00,1.000000000000000000e+01,2.912578500000000048e+01,2.000000000000000000e+00
2.550000000000000000e+02,2.560000000000000000e+02,2.928495303249999893e+01,1.040000000000000000e+02
2.800000000000000000e+01,2.490000000000000000e+02,3.082853049999999939e+01,3.000000000000000000e+00
2.600000000000000000e+01,2.580000000000000000e+02,3.429951139423076967e+01,1.050000000000000000e+02
2.570000000000000000e+02,2.590000000000000000e+02,3.543513766666666243e+01,5.000000000000000000e+00
1.010000000000000000e+02,2.530000000000000000e+02,3.668446000000000140e+01,3.000000000000000000e+00
7.000000000000000000e+00,1.600000000000000000e+01,3.714472700000000316e+01,2.000000000000000000e+00
2.500000000000000000e+01,2.600000000000000000e+02,3.953306427619048691e+01,1.060000000000000000e+02
4.900000000000000000e+01,6.100000000000000000e+01,4.168185299999999671e+01,2.000000000000000000e+00
7.300000000000000000e+01,2.640000000000000000e+02,4.285423443396227583e+01,1.070000000000000000e+02
7.600000000000000000e+01,2.540000000000000000e+02,4.401292449999999690e+01,3.000000000000000000e+00
1.400000000000000000e+01,2.630000000000000000e+02,4.493438899999999592e+01,3.000000000000000000e+00
2.650000000000000000e+02,2.660000000000000000e+02,4.820922835981308197e+01,1.090000000000000000e+02
1.900000000000000000e+01,2.690000000000000000e+02,4.857763427522935018e+01,1.100000000000000000e+02
2.670000000000000000e+02,2.700000000000000000e+02,5.241639633030303003e+01,1.130000000000000000e+02
2.610000000000000000e+02,2.680000000000000000e+02,5.472268053333333881e+01,8.000000000000000000e+00
8.400000000000000000e+01,1.340000000000000000e+02,6.353430000000000177e+01,2.000000000000000000e+00
3.000000000000000000e+00,2.730000000000000000e+02,7.268588350000000275e+01,3.000000000000000000e+00
0.000000000000000000e+00,1.700000000000000000e+01,7.868635700000000099e+01,2.000000000000000000e+00
2.710000000000000000e+02,2.720000000000000000e+02,8.660061460730088356e+01,1.210000000000000000e+02
9.000000000000000000e+01,2.620000000000000000e+02,8.882828733333332138e+01,4.000000000000000000e+00
1.200000000000000000e+01,5.500000000000000000e+01,9.013553699999999935e+01,2.000000000000000000e+00
2.100000000000000000e+01,2.760000000000000000e+02,9.104354820661156111e+01,1.220000000000000000e+02
1.500000000000000000e+01,2.750000000000000000e+02,9.463214600000000587e+01,3.000000000000000000e+00
4.000000000000000000e+00,2.800000000000000000e+02,1.019995906666666770e+02,4.000000000000000000e+00
2.780000000000000000e+02,2.790000000000000000e+02,1.034207819590163950e+02,1.240000000000000000e+02
2.740000000000000000e+02,2.770000000000000000e+02,1.064632430833333245e+02,7.000000000000000000e+00
2.000000000000000000e+01,2.820000000000000000e+02,1.119988371612903393e+02,1.250000000000000000e+02
5.000000000000000000e+00,2.810000000000000000e+02,1.296933352499999899e+02,5.000000000000000000e+00
8.000000000000000000e+00,2.830000000000000000e+02,1.308547644285714284e+02,8.000000000000000000e+00
1.450000000000000000e+02,1.490000000000000000e+02,1.410909499999999923e+02,2.000000000000000000e+00
2.850000000000000000e+02,2.860000000000000000e+02,1.579983070250000026e+02,1.300000000000000000e+01
2.000000000000000000e+00,2.840000000000000000e+02,1.708243819600000677e+02,1.260000000000000000e+02
1.800000000000000000e+01,2.890000000000000000e+02,1.734477668730158655e+02,1.270000000000000000e+02
1.000000000000000000e+00,2.870000000000000000e+02,1.765064570000000117e+02,3.000000000000000000e+00
6.000000000000000000e+00,1.100000000000000000e+01,1.774193589999999858e+02,2.000000000000000000e+00
2.880000000000000000e+02,2.900000000000000000e+02,1.784332595960024150e+02,1.400000000000000000e+02
2.700000000000000000e+01,1.510000000000000000e+02,2.031794419999999946e+02,2.000000000000000000e+00
1.470000000000000000e+02,2.920000000000000000e+02,2.391483660000000100e+02,3.000000000000000000e+00
2.940000000000000000e+02,2.950000000000000000e+02,2.496894563333333110e+02,5.000000000000000000e+00
2.400000000000000000e+01,1.480000000000000000e+02,2.684815380000000005e+02,2.000000000000000000e+00
2.930000000000000000e+02,2.960000000000000000e+02,2.988005457428571958e+02,1.450000000000000000e+02
1.460000000000000000e+02,1.500000000000000000e+02,3.418101060000000189e+02,2.000000000000000000e+00
2.910000000000000000e+02,2.980000000000000000e+02,3.741354628321836913e+02,1.480000000000000000e+02
2.970000000000000000e+02,2.990000000000000000e+02,4.161822647500000016e+02,4.000000000000000000e+00
3.000000000000000000e+02,3.010000000000000000e+02,4.700177404847972866e+02,1.520000000000000000e+02
